epoch,time,train/box_loss,train/cls_loss,train/dfl_loss,metrics/precision(B),metrics/recall(B),metrics/mAP50(B),metrics/mAP50-95(B),val/box_loss,val/cls_loss,val/dfl_loss,lr/pg0,lr/pg1,lr/pg2
1,464.613,2.10064,3.46587,1.78517,0.39412,0.38302,0.33446,0.16714,1.65147,3.06291,1.40425,0.000552237,0.000552237,0.000552237
2,927.023,1.57991,2.05346,1.34887,0.57187,0.44927,0.49448,0.25412,1.54255,2.23665,1.34747,0.000559491,0.000559491,0.000559491
