epoch,time,train/box_loss,train/cls_loss,train/dfl_loss,metrics/precision(B),metrics/recall(B),metrics/mAP50(B),metrics/mAP50-95(B),val/box_loss,val/cls_loss,val/dfl_loss,lr/pg0,lr/pg1,lr/pg2
1,443.089,2.11034,3.4759,1.78985,0.4383,0.3034,0.30322,0.14721,1.70959,3.12709,1.45942,0.000552237,0.000552237,0.000552237
2,869.31,1.59087,2.08747,1.36731,0.5534,0.43395,0.46047,0.22722,1.56394,2.32609,1.37197,0.000559491,0.000559491,0.000559491
